,Train,Test,Val
accuracy,0.8615591397849462,0.7876175548589341,0.7383433900164564
F1,0.867948717948718,0.8092892329345531,0.7824897400820794
recall,0.8763754045307444,0.8725341426403642,0.8872802481902792
precission,0.8596825396825397,0.7545931758530183,0.6998368678629691
kappa,0.7224967578541408,0.5725002472554643,0.46545669138868484
