,Train,Test,Val
accuracy,0.6475165941863127,0.5306994127068874,0.522795216741405
F1,0.46601941747572817,0.6921190893169877,0.6866257668711656
recall,0.42317380352644834,0.9899799599198397,1.0
precission,0.5185185185185185,0.5320409262250942,0.522795216741405
kappa,0.20695654223783322,-0.003366562187850919,0.0
